{
    "a": 0.0033561946463764015,
    "b": 0.0002550005041876784,
    "beta25_85": 4017.7310911024506,
    "c": 2.5976257776487257e-06,
    "err_a": 2.9559935710734673e-07,
    "err_b": 2.1532008844517005e-07,
    "err_c": 3.8763562665131e-08,
    "highres_area": 125,
    "highres_max": 110,
    "highres_min": -15,
    "name": "Froggit",
    "peak_res": 41.6,
    "peak_res_temp": 40,
    "r0": 327.14004408737037,
    "r25": 99.45372590859523,
    "r85": 10.403773954577874,
    "rmess": 47,
    "rn": 99.645
}