{
    "a": 0.0033555291028005384,
    "b": 0.0002524907297953153,
    "beta25_85": 4058.208708882769,
    "c": 2.5667291791681907e-06,
    "err_a": 1.9612522024856065e-07,
    "err_b": 1.4138325714289954e-07,
    "err_c": 2.5209234038892222e-08,
    "highres_area": 120,
    "highres_max": 90,
    "highres_min": -30,
    "name": "Acurite",
    "peak_res": 46.0,
    "peak_res_temp": 25,
    "r0": 167.21273427382914,
    "r25": 50.244930543424076,
    "r85": 5.137886612240847,
    "rmess": 47,
    "rn": 50.21
}