{
    "a": 0.003360608762255893,
    "b": 0.00019571581959289524,
    "beta25_85": 5185.498459602379,
    "c": 9.08433558960865e-07,
    "err_a": 7.947261621235322e-07,
    "err_b": 4.873068345652863e-07,
    "err_c": 7.123680199814043e-08,
    "highres_area": 125,
    "highres_max": 155,
    "highres_min": 30,
    "name": "ET-735",
    "peak_res": 42.0,
    "peak_res_temp": 85,
    "r0": 4753.301597287423,
    "r25": 999.6326988187097,
    "r85": 54.25564190224691,
    "rmess": 47,
    "rn": 1025.0
}