{
    "a": 0.0033566373013479956,
    "b": 0.00019664427959427427,
    "beta25_85": 5163.583467702787,
    "c": 9.624867833259653e-07,
    "err_a": 4.84225391310097e-07,
    "err_b": 2.76927262558859e-07,
    "err_c": 3.9284794844945327e-08,
    "highres_area": 125,
    "highres_max": 155,
    "highres_min": 30,
    "name": "ET-735",
    "peak_res": 41.8,
    "peak_res_temp": 85,
    "r0": 4688.764702370255,
    "r25": 994.173732520836,
    "r85": 54.62790688717477,
    "rmess": 47,
    "rn": 998.9
}