{
    "a": 0.0033598372543650504,
    "b": 0.0002508037068972316,
    "c": 3.2836742692104027e-06,
    "err_a": 5.150998724069498e-07,
    "err_b": 3.6073307201917614e-07,
    "err_c": 6.226614374789319e-08,
    "highres_area": 125,
    "highres_max": 110,
    "highres_min": -15,
    "name": "/sensoren/igrill",
    "peak_res": 42.6,
    "peak_res_temp": 40,
    "rmess": 47,
    "rn": 100
}