{
    "a": 0.0033527432202143663,
    "b": 0.00025977100675843767,
    "c": 3.6934250072315384e-06,
    "err_a": 7.531499523025856e-07,
    "err_b": 3.610139850345871e-07,
    "err_c": 4.709604061778157e-08,
    "highres_area": 125,
    "highres_max": 110,
    "highres_min": -15,
    "name": "100K3950",
    "peak_res": 40.8,
    "peak_res_temp": 40,
    "rmess": 47,
    "rn": 100.0
}