{
    "a": 0.003356242351891913,
    "b": 0.0002531921782093806,
    "beta25_85": 4055.563377027618,
    "c": 2.7988396997612657e-06,
    "err_a": 2.7935477011419864e-07,
    "err_b": 2.0112216304444758e-07,
    "err_c": 3.5746178929355945e-08,
    "highres_area": 125,
    "highres_max": 110,
    "highres_min": -15,
    "name": "iGrill2",
    "peak_res": 42.0,
    "peak_res_temp": 40,
    "r0": 329.3205328658645,
    "r25": 99.39869751090909,
    "r85": 10.179313462657161,
    "rmess": 47,
    "rn": 99.61
}