{
    "a": 0.0033561989790034845,
    "b": 0.0002435291078731311,
    "c": 3.451938903892793e-06,
    "err_a": 2.4537776655479767e-07,
    "err_b": 1.687034091320028e-07,
    "err_c": 2.8937051486976377e-08,
    "highres_area": 130,
    "highres_max": 130,
    "highres_min": 0,
    "name": "PERFEKTION",
    "peak_res": 40.4,
    "peak_res_temp": 55,
    "rmess": 47,
    "rn": 200.1
}