{
    "a": 0.003356109324734403,
    "b": 0.0002355281425750117,
    "beta25_85": 4346.1539709393355,
    "c": 2.1375540579314645e-06,
    "err_a": 1.7524252817388002e-07,
    "err_b": 1.1801451222495704e-07,
    "err_c": 1.9662825712379636e-08,
    "highres_area": 125,
    "highres_max": 125,
    "highres_min": 0,
    "name": "Santos",
    "peak_res": 41.4,
    "peak_res_temp": 55,
    "r0": 728.042359659064,
    "r25": 200.47529108629533,
    "r85": 17.437613104231136,
    "rmess": 47,
    "rn": 200.82
}