{
    "a": 0.0033556416550037165,
    "b": 0.0002519145004959641,
    "beta25_85": 4060.0397945955415,
    "c": 2.360695982664559e-06,
    "err_a": 2.2856218232600377e-07,
    "err_b": 1.6501235089534108e-07,
    "err_c": 2.948729111000017e-08,
    "highres_area": 125,
    "highres_max": 110,
    "highres_min": -15,
    "name": "ThermoWorks",
    "peak_res": 42.2,
    "peak_res_temp": 35,
    "r0": 325.1758715980908,
    "r25": 97.33435535051225,
    "r85": 9.942866082514168,
    "rmess": 47,
    "rn": 97.31
}