{
    "a": 0.0033563037231125474,
    "b": 0.00025345956506605215,
    "beta25_85": 4054.0353099679583,
    "c": 2.8756894525505576e-06,
    "err_a": 3.3649250149857697e-07,
    "err_b": 2.422577932523774e-07,
    "err_c": 4.3030740068598664e-08,
    "highres_area": 125,
    "highres_max": 110,
    "highres_min": -15,
    "name": "Cappec",
    "peak_res": 41.8,
    "peak_res_temp": 40,
    "r0": 332.23087558388187,
    "r25": 100.44232796256736,
    "r85": 10.295026109218732,
    "rmess": 47,
    "rn": 100.68
}