{
    "a": 0.003353861422678018,
    "b": 0.00022352517193913017,
    "c": 2.438233726781454e-06,
    "err_a": 2.4368816617234124e-07,
    "err_b": 1.5416736932881792e-07,
    "err_c": 2.4078471101507403e-08,
    "highres_area": 135,
    "highres_max": 170,
    "highres_min": 35,
    "name": "ODC",
    "peak_res": 36.2,
    "peak_res_temp": 95,
    "rmess": 47,
    "rn": 1000
}