{
    "a": 0.003355879584362753,
    "b": 0.0002711114928873407,
    "beta25_85": 3786.593002550438,
    "c": 3.1838427987119807e-06,
    "err_a": 1.9622046376906055e-07,
    "err_b": 1.512954012127209e-07,
    "err_c": 2.8818718501309545e-08,
    "highres_area": 130,
    "highres_max": 115,
    "highres_min": -15,
    "name": "Weber_6743",
    "peak_res": 39.0,
    "peak_res_temp": 40,
    "r0": 313.00112014377066,
    "r25": 102.24902026302965,
    "r85": 12.179589973470314,
    "rmess": 47,
    "rn": 102.315
}