{
    "a": 0.0033561580283686886,
    "b": 0.0002223792537882414,
    "beta25_85": 4645.827202168762,
    "c": 2.652016025769549e-06,
    "err_a": 1.3829074877678725e-07,
    "err_b": 8.624282931886814e-08,
    "err_c": 1.3251300983745677e-08,
    "highres_area": 135,
    "highres_max": 170,
    "highres_min": 35,
    "name": "MAVERICK",
    "peak_res": 36.8,
    "peak_res_temp": 95,
    "r0": 3903.347760251385,
    "r25": 1001.9553346895879,
    "r85": 73.64555489568453,
    "rmess": 47,
    "rn": 1004.0
}