{
    "a": 0.0033552703279917423,
    "b": 0.0002223580800522671,
    "c": 2.6520160372311183e-06,
    "err_a": 1.380353841154481e-07,
    "err_b": 8.614209614243579e-08,
    "err_c": 1.3251296132791574e-08,
    "highres_area": 135,
    "highres_max": 170,
    "highres_min": 35,
    "name": "MAVERICK",
    "peak_res": 36.8,
    "peak_res_temp": 95,
    "rmess": 47,
    "rn": 1000
}