{
    "a": 0.003355834005091075,
    "b": 0.0002569819182391222,
    "beta25_85": 3950.882493992461,
    "c": 1.6391056018563586e-06,
    "err_a": 1.9359234171212894e-07,
    "err_b": 1.4451168614658897e-07,
    "err_c": 2.6808993280651767e-08,
    "highres_area": 120,
    "highres_max": 90,
    "highres_min": -30,
    "name": "Fantast",
    "peak_res": 45.2,
    "peak_res_temp": 20,
    "r0": 164.01239034263003,
    "r25": 50.05480720948908,
    "r85": 5.436613092914801,
    "rmess": 47,
    "rn": 50.08
}